{
  "swagger": "2.0",
  "info": {
    "description": "Paperless Preferences - used to save preference and send email notification",
    "version": "1.0.0",
    "title": "Paperless preferences",
    "termsOfService": "http://localhost:8000/preference/save",
    "contact": {
      "email": "test@gmai.com"
    },
    "license": {
      "name": "Apache 2.0",
      "url": "http://www.apache.org/licenses/LICENSE-2.0.html"
    }
  },
  "host": "localhost:8000",
  "basePath": "/",
  "schemes": [
    "https",
    "http"
  ],
  "paths": {
    "/preference/saveAndNotify": {
      "post": {
        "tags": [
          "Save and Notify Paper Preference"
        ],
        "summary": "Saves paper preference and Email notification",
        "description": "Saves paper preference for selected accounts and sends email notification to customer registered email",
        "operationId": "saveAndNotify",
        "consumes": [
          "application/json",
          "application/xml"
        ],
        "produces": [
          "application/json",
          "application/xml"
        ],
        "parameters": [
          {
            "in": "body",
            "name": "PaperPreferenceRequest",
            "description": "Array of account specific paper preference",
            "required": true,
            "schema": {
              "$ref": "#/definitions/PaperPreferenceRequest"
            }
          }
        ],
        "responses": {
          "200": {
            "description": "OK",
            "examples": {
              "application/json": {
                "successCode": "success",
                "message": "Saved prefences successfully"
              }
            }
          }
        },
        "security": [
          {
            "petstore_auth": [
              "write:pets",
              "read:pets"
            ]
          }
        ]
      }
    }
  },
  "securityDefinitions": {
    "petstore_auth": {
      "type": "oauth2",
      "authorizationUrl": "http://petstore.swagger.io/oauth/dialog",
      "flow": "implicit",
      "scopes": {
        "write:pets": "modify pets in your account",
        "read:pets": "read your pets"
      }
    },
    "api_key": {
      "type": "apiKey",
      "name": "api_key",
      "in": "header"
    }
  },
  "definitions": {
    "PaperPreferenceRequest": {
      "type": "array",
      "items": {
        "$ref": "#/definitions/AccountPaperPreference"
      }
    },
    "AccountPaperPreference": {
      "type": "object",
      "properties": {
        "acctNum": {
          "type": "string",
          "example": "0002121231231"
        },
        "routingNum": {
          "type": "string",
          "example": "32342342"
        },
        "paperPreference": {
          "type": "object",
          "$ref": "#/definitions/PaperPreference"

        }
      }
    },
    "PaperPreference": {
      "type": "object",
      "properties": {
        "enablePaperLess": {
          "type": "boolean",
          "example": "true"
        }
      }
    }
  },
  "externalDocs": {
    "description": "Find out more about Swagger",
    "url": "http://swagger.io"
  }
}